Constituency,Candidate,Party,Criminal Cases,Education,Age,Total Assets,Liabilities,Winner,Surname,Caste
ARARIA,Taslim Uddin   Winner,RJD,4,Literate,72,"Rs 4,23,68,468","Rs 10,26,919",1,,Muslim
ARARIA,Abdul Rahman,BSP,0,Literate,29,"Rs 8,13,848",Rs 0,0,,Muslim
ARARIA,Bidya Nand Paswan,Bahujan Mukti Party,0,12th Pass,61,"Rs 8,56,973","Rs 7,000",0,Paswan,
ARARIA,Chandra Bhushan,AAP,0,Graduate Professional,48,"Rs 1,40,88,067","Rs 50,25,161",0,,
ARARIA,Md Aslam Beg,Janta Dal Rashtravadi,1,12th Pass,35,"Rs 15,000","Rs 63,733",0,,
ARARIA,Pankaj Kishor Mandal,IND,2,10th Pass,34,"Rs 2,02,412","Rs 50,000",0,,
ARARIA,Pradeep Kumar Singh,BJP,4,10th Pass,48,"Rs 42,91,479","Rs 8,02,182",0,,
ARARIA,Rajesh Kumar,Bharat Vikas Morcha,0,10th Pass,46,"Rs 14,75,000","Rs 50,000",0,,
ARARIA,Ramanand Rishideo,Lok Dal,0,12th Pass,63,"Rs 10,000",Rs 0,0,,
ARARIA,Sanjay Kumar Rishidev,CPI(ML)L,1,Literate,32,"Rs 14,175",Rs 0,0,,
ARARIA,Sarwat Jahre Ansari,Samajwadi Janata Party (Rashtriya),0,Post Graduate,37,"Rs 2,96,000",Rs 0,0,,
ARARIA,Syed Alamdar Hussain,IND,0,12th Pass,38,"Rs 36,10,000",Rs 0,0,,
ARARIA,Vijay Kumar Mandal,JD(U),1,10th Pass,51,"Rs 43,26,107",Rs 0,0,,
ARARIA,Sarfaraz Alam   Winner,RJD,4,Graduate,49,"Rs 9,22,92,682","Rs 34,96,835",0,,
ARARIA,Binit Prakash,IND,0,Graduate Professional,37,"Rs 6,37,683","Rs 5,33,189",0,,
ARARIA,Maheshwar Rishi,IND,0,12th Pass,43,"Rs 3,38,300","Rs 1,15,000",0,,
ARARIA,Pradeep Kumar Singh,BJP,3,10th Pass,51,"Rs 48,99,535","Rs 10,67,704",0,,
ARARIA,Prince Victor,JAP(L),2,Graduate,48,"Rs 24,25,000","Rs 1,00,000",0,,
ARARIA,Sudama Singh,Samajwadi Forward Bloc,0,10th Pass,50,"Rs 78,00,000","Rs 90,000",0,,
ARARIA,Upendra Sahni,Rashtriya Jansambhavna Party,0,Graduate,46,"Rs 3,05,75,125",Rs 0,0,,
ARRAH,Raj Kumar Singh   Winner,BJP,0,Graduate Professional,61,"Rs 5,04,03,293",Rs 0,1,Singh,
ARRAH,Ashok Ram,IND,0,12th Pass,41,"Rs 71,051",Rs 0,0,,
ARRAH,Baijnath Yadav,Bahujan Mukti Party,0,5th Pass,49,"Rs 60,60,167","Rs 3,50,000",0,,
ARRAH,Bharat Bhushan Pandey,Akhil Bharatiya Jan Sangh,0,Doctorate,40,"Rs 17,57,000",Rs 0,0,,
ARRAH,Dr. Surendra Kumar Prasad,AAP,0,Post Graduate,59,"Rs 1,23,14,344",Rs 0,0,,
ARRAH,Gopal Singh,IND,0,10th Pass,73,"Rs 24,10,664",Rs 0,0,,
ARRAH,Meena,JD(U),0,Graduate,49,"Rs 9,07,37,486","Rs 69,15,766",0,,
ARRAH,Raju Yadav,CPI(ML)L,1,Post Graduate,31,"Rs 4,91,000",Rs 0,0,,
ARRAH,Ramesh Chandra Badal,BSP,1,Literate,59,"Rs 7,26,000",Rs 0,0,,
ARRAH,Shambhu Prasad Sharma,Hindustan Vikas Dal,0,Graduate Professional,61,"Rs 3,00,000",Rs 0,0,,
ARRAH,Shankar Dayal Paswan,IND,4,Others,49,"Rs 15,25,000","Rs 2,500",0,,
ARRAH,Sri Bhagwan Singh Kushwaha,RJD,1,10th Pass,48,"Rs 79,73,528","Rs 20,39,416",0,,
AURANGABAD,Sushil Kumar Singh   Winner,BJP,5,Post Graduate,48,"Rs 12,78,45,854","Rs 73,21,626",1,Singh,
AURANGABAD,Bagi Kumar Verma,JD(U),0,Graduate,61,"Rs 3,27,66,379","Rs 16,00,000",0,,
AURANGABAD,Durga Thakur,IND,0,10th Pass,55,"Rs 7,30,000",Rs 0,0,,
AURANGABAD,Nikhil Kumar,INC,0,Post Graduate,72,"Rs 29,73,02,441",Rs 0,0,,
AURANGABAD,Ragini Lata Singh,AAP,0,Post Graduate,49,"Rs 1,45,32,000","Rs 1,83,755",0,,
AURANGABAD,Rakesh Sharma,IND,0,Doctorate,42,"Rs 1,26,93,861","Rs 8,28,288",0,,
AURANGABAD,Ramji Singh,IND,0,Post Graduate,45,"Rs 13,10,000","Rs 50,000",0,,
AURANGABAD,Rita Devi,SP,0,10th Pass,43,"Rs 51,36,715","Rs 8,00,000",0,,
AURANGABAD,Santosh Kumar,BSP,2,Graduate,45,"Rs 1,30,000",Rs 0,0,,
AURANGABAD,Somaru Paswan,IND,0,Literate,58,"Rs 32,69,500",Rs 0,0,,
AURANGABAD,Upendra Nath,Bahujan Mukti Party,1,Post Graduate,46,"Rs 92,28,000",Rs 0,0,,
AURANGABAD,Usha Sharan,Shoshit Samaj Dal,1,Literate,43,"Rs 39,00,000","Rs 1,000",0,,
AURANGABAD,Vijeet Kumar,IND,0,Graduate,29,"Rs 4,00,000",Rs 0,0,,
BANKA,Jaiprakash Narayan Yadav   Winner,RJD,2,Post Graduate,60,"Rs 2,78,46,274","Rs 7,91,539",1,Yadav,
BANKA,Akhil Bhartiya Sharma,IND,0,Graduate Professional,48,"Rs 50,000",Rs 0,0,,
BANKA,Alimuddin Ansari,IND,0,Others,53,"Rs 3,52,000",Rs 0,0,,
BANKA,Deepak Kumar,SUCI(C),0,12th Pass,35,"Rs 26,33,089",Rs 0,0,,
BANKA,Inderaj Singh Saini,IND,0,10th Pass,70,"Rs 1,19,18,305","Rs 20,00,000",0,,
BANKA,Mahboob Alam Ansari,Bharatiya Momin Front,0,Post Graduate,55,"Rs 80,71,913",Rs 0,0,,
BANKA,Mithilesh Kumar Singh,National Loktantrik Party,0,10th Pass,31,"Rs 19,86,983",Rs 0,0,,
BANKA,Mukesh Kumar Sinha,Bhartiya Ekta Manch Party,0,Doctorate,42,"Rs 69,05,132","Rs 25,88,967",0,,
BANKA,Naresh Kumar Priyadarshi,IND,0,Graduate,38,"Rs 38,63,500","Rs 2,50,000",0,,
BANKA,Niraj Kumar,AAP,0,12th Pass,43,"Rs 19,77,100",Rs 0,0,,
BANKA,Putul Kumari,BJP,2,Post Graduate,54,"Rs 5,80,28,261","Rs 7,25,973",0,,
BANKA,Sanjay Kumar,BSP,1,10th Pass,58,"Rs 18,00,000","Rs 12,00,000",0,,
BANKA,Sanjay Kumar,CPI,3,Post Graduate,50,"Rs 2,36,33,247","Rs 94,60,885",0,,
BANKA,Sargun Sah,IND,0,8th Pass,59,"Rs 18,24,000",Rs 0,0,,
BANKA,Subodh Narayan Jha,AITC,0,Graduate,63,"Rs 77,26,666","Rs 22,50,000",0,,
BANKA,Umakant Yadav,Bahujan Mukti Party,0,Graduate Professional,63,"Rs 30,15,000",Rs 0,0,,
BANKA,Viajy Bharti,Rajnaitik Vikalp Party,0,10th Pass,59,"Rs 3,53,558",Rs 0,0,,
BEGUSARAI,Bhola Singh   Winner,BJP,0,Doctorate,75,"Rs 2,52,48,102",Rs 0,1,Singh,
BEGUSARAI,Baijnath Paswan,IND,0,Graduate,37,"Rs 1,19,000",Rs 0,0,,
BEGUSARAI,Hari Kant Prasad,Bharatiya Bahujan Congress,0,10th Pass,37,"Rs 19,51,470","Rs 90,000",0,,
BEGUSARAI,Md Tanveer Hasan,RJD,1,Doctorate,54,"Rs 1,09,56,399","Rs 6,00,000",0,,
BEGUSARAI,Mohammad Javed,IND,0,Literate,44,"Rs 1,39,052",Rs 0,0,,
BEGUSARAI,Pankaj Paswan,IND,0,Post Graduate,29,"Rs 1,02,895",Rs 0,0,,
BEGUSARAI,Pinki Devi,Bahujan Mukti Party,2,12th Pass,28,"Rs 36,38,500",Rs 0,0,,
BEGUSARAI,Rajendra Prasad Singh,CPI,5,Graduate,68,"Rs 84,37,962","Rs 1,94,145",0,,
BEGUSARAI,Rajendra Yadav,IND,0,Post Graduate,45,"Rs 73,68,500",Rs 0,0,,
BEGUSARAI,Ram Padarath Yadav,BSP,0,Graduate Professional,47,"Rs 84,22,000",Rs 0,0,,
BEGUSARAI,Sunil Kumar,AAP,0,Post Graduate,56,"Rs 2,10,40,706","Rs 1,50,000",0,,
BEGUSARAI,Sushil Kumar,IND,0,10th Pass,35,"Rs 6,87,780",Rs 0,0,,
BHAGALPUR,Shailesh Kumar Urph Bulo Mandal   Winner,RJD,1,12th Pass,38,"Rs 2,02,16,734",Rs 0,1,Mandal,
BHAGALPUR,Abu Qaiser,JD(U),1,Graduate,40,"Rs 4,51,38,014","Rs 17,00,000",0,,
BHAGALPUR,Anand Kumar Jain,IND,0,Graduate Professional,52,"Rs 61,72,660",Rs 0,0,,
BHAGALPUR,Gaurav Kumar Ghosh,National Tiger Party,0,12th Pass,35,"Rs 84,64,037","Rs 2,50,000",0,,
BHAGALPUR,Indradeo Kumar Singh,IND,0,Graduate Professional,35,"Rs 33,12,913",Rs 0,0,,
BHAGALPUR,Kumkum Singh,Bharat Vikas Morcha,1,Doctorate,57,"Rs 8,25,000",Rs 0,0,,
BHAGALPUR,Mahadev Kumar,IND,1,10th Pass,57,"Rs 21,82,100","Rs 1,85,000",0,,
BHAGALPUR,Naushaba Khanam,BSP,2,10th Pass,33,"Rs 67,56,440","Rs 6,00,000",0,,
BHAGALPUR,Nishi Kant Mandal,Bahujan Mukti Party,0,Graduate Professional,28,"Rs 14,80,865","Rs 3,03,354",0,,
BHAGALPUR,Pro. Yogendra Mahto,AAP,0,Doctorate,55,"Rs 30,87,000","Rs 1,12,000",0,,
BHAGALPUR,Purushottam Choubey,SP,2,10th Pass,47,"Rs 1,15,63,93,030","Rs 2,03,10,000",0,,
BHAGALPUR,Ramji Mandal,IND,0,10th Pass,47,"Rs 36,31,000",Rs 0,0,,
BHAGALPUR,Ranjan Kumar,IND,0,8th Pass,31,"Rs 3,55,833",Rs 0,0,,
BHAGALPUR,Rinki Kumari,CPI(ML)(L),7,Post Graduate,30,"Rs 22,192",Rs 0,0,,
BHAGALPUR,Sikandar Tanti,IND,0,8th Pass,40,"Rs 8,05,834",Rs 0,0,,
BHAGALPUR,Suman Kumar,IND,0,Graduate,30,"Rs 4,92,000",Rs 0,0,,
BHAGALPUR,Syed Shahnawaz Hussain,BJP,0,10th Pass,45,"Rs 4,70,44,000","Rs 1,40,07,000",0,,
BHAGALPUR,Viren Das,Sankhyanupati Bhagidari Party,0,Literate,52,"Rs 30,10,500",Rs 0,0,,
BUXAR,Ashwini Kumar Choubey   Winner,BJP,0,Graduate,61,"Rs 2,21,00,499","Rs 19,23,552",1,Choubey,
BUXAR,Dadan Yadav,BSP,22,10th Pass,50,"Rs 2,62,50,000","Rs 10,35,94,500",0,,
BUXAR,Indu Singh,CPI(ML)L,0,Graduate Professional,36,"Rs 1,02,15,879",Rs 0,0,,
BUXAR,Jagadanand Singh,RJD,0,Graduate Professional,70,"Rs 2,01,42,620",Rs 0,0,,
BUXAR,Lallan Rup Narayan Pathak,IND,0,Doctorate,70,"Rs 77,50,000",Rs 0,0,,
BUXAR,Mokaram Hussain,Suheldev Bhartiya Samaj Party,0,10th Pass,62,"Rs 21,15,487",Rs 0,0,,
BUXAR,Monibur Rahman,Janta Dal Rashtravadi,0,12th Pass,44,"Rs 31,30,000",Rs 0,0,,
BUXAR,Narendra Pratap Singh,IND,0,Post Graduate,33,"Rs 72,94,224",Rs 0,0,,
BUXAR,Pradeep Kumar Prasad,Pragatisheel Manav Samaj Party,0,10th Pass,34,"Rs 19,94,000",Rs 0,0,,
BUXAR,Prashuram Prasad,Bahujan Mukti Party,1,12th Pass,35,"Rs 4,60,000",Rs 0,0,,
BUXAR,Rajendra Kumar Singh Chauhan,Bharat Vikas Morcha,0,Literate,48,"Rs 35,000",Rs 0,0,,
BUXAR,Sheo Gopal Chaudhry,IND,0,Graduate,74,"Rs 10,10,000",Rs 0,0,,
BUXAR,Shweta Pathak,AAP,0,Graduate,30,"Rs 69,53,992",Rs 0,0,,
BUXAR,Shyam Lal Singh Kushwaha,JD(U),0,10th Pass,59,"Rs 8,18,11,000","Rs 19,32,000",0,,
BUXAR,Taphir Husain,Hindustan Vikas Dal,0,5th Pass,48,"Rs 3,10,000",Rs 0,0,,
BUXAR,Colonel Lakshmeshwar Mishra,CPI(ML)L,0,Graduate Professional,55,"Rs 1,54,06,445","Rs 20,79,445",0,,
BUXAR,"Durganand Mahavir Nayak,",BSP,2,Post Graduate,42,"Rs 6,35,62,000","Rs 3,04,995",0,,
BUXAR,"Faizal Ahmad,",Janta Dal Rashtravadi,0,Graduate,28,"Rs 60,000",Rs 0,0,,
BUXAR,Hriday Narayun Yadav,CPI(M),2,8th Pass,72,"Rs 73,63,000","Rs 51,576",0,,
BUXAR,Jainath,Bahujan Mukti Party,0,10th Pass,33,"Rs 32,95,482",Rs 0,0,,
BUXAR,Kedar Kumar Keshav,SHS,0,Post Graduate,46,"Rs 83,66,241",Rs 0,0,,
BUXAR,Krishna Kumar Paswan,IND,0,Graduate,29,"Rs 22,000",Rs 0,0,,
BUXAR,Md. Ali Ashraf Fatmi,RJD,0,Post Graduate,60,"Rs 1,60,36,505",Rs 0,0,,
BUXAR,Prabhat Ranjan Das,AAP,0,Doctorate,56,"Rs 36,46,42,463",Rs 0,0,,
BUXAR,Pradeep Paswan,IND,1,12th Pass,38,"Rs 3,92,707",Rs 0,0,,
BUXAR,Praveen Kumar Jha,IND,0,Post Graduate,41,"Rs 1,15,58,930",Rs 0,0,,
BUXAR,"Sadre Alam Khan,",Akhil Bhartiya Mithila Party,0,10th Pass,65,"Rs 17,26,698",Rs 0,0,,
BUXAR,Sanjay Kumar Jha,JD(U),0,Post Graduate,46,"Rs 18,13,83,957",Rs 0,0,,
GAYA,Hari Manjhi   Winner,BJP,1,8th Pass,51,"Rs 1,01,84,120","Rs 20,00,000",1,Manjhi,
GAYA,Ashok Kumar,JMM,0,Post Graduate,0,"Rs 18,43,000",Rs 0,0,,
GAYA,Bhuneswar Das,Rashtriya Ahinsa Manch,0,Literate,50,"Rs 18,29,000",Rs 0,0,,
GAYA,Dev Kumar Choudhary,IND,0,Graduate Professional,39,"Rs 50,87,170","Rs 8,00,000",0,,
GAYA,Dhananjay Kishore,AAP,0,Graduate Professional,38,"Rs 65,09,560","Rs 6,102",0,,
GAYA,Indra Deo Choudhary,Bahujan Mukti Party,0,10th Pass,40,"Rs 5,07,000","Rs 10,000",0,,
GAYA,Jitan Ram Manjhi,JD(U),0,Graduate,68,"Rs 23,60,142","Rs 13,109",0,,
GAYA,Kapil Choudhary,AITC,0,12th Pass,44,"Rs 16,06,000",Rs 0,0,,
GAYA,Mamta Kumari,SP,0,12th Pass,33,"Rs 41,95,976","Rs 5,454",0,,
GAYA,Niranjan Kumar,CPI(ML)L,2,Graduate,40,"Rs 1,40,000","Rs 1,384",0,,
GAYA,Ramji Manjhi,RJD,0,Graduate,54,"Rs 1,11,15,000",Rs 0,0,,
GAYA,Shiv Kumar Kant,BSP,0,Graduate,64,"Rs 52,32,500","Rs 2,00,000",0,,
GAYA,Shiv Shankar Kumar,Bharat Bhrashtachar Mitao Party,0,Graduate,38,"Rs 10,67,800",Rs 0,0,,
GOPALGANJ,Janak Ram   Winner,BJP,2,Post Graduate,42,"Rs 1,05,82,664","Rs 10,39,000",1,Ram,
GOPALGANJ,Chandra Deep Ram,BSP,1,Post Graduate,30,"Rs 92,20,000",Rs 0,0,,
GOPALGANJ,Dinanath Manjhi,IND,1,Graduate,0,"Rs 23,77,269",Rs 0,0,,
GOPALGANJ,Jaleswarnath Ram,Bahujan Mukti Party,0,12th Pass,47,"Rs 26,65,022",Rs 0,0,,
GOPALGANJ,Jitendra Manjhi,CPI(ML)L,4,8th Pass,30,"Rs 5,20,000","Rs 45,348",0,,
GOPALGANJ,Mudrika Baita,IND,0,Graduate,42,"Rs 5,37,500",Rs 0,0,,
GOPALGANJ,Ram Kumar Manjhi,IND,0,Graduate,34,"Rs 1,98,000",Rs 0,0,,
GOPALGANJ,Ramashankar Ram,Rashtriya Jan-Jagram Morcha,0,Graduate Professional,48,"Rs 29,10,000",Rs 0,0,,
GOPALGANJ,Satendra Baitha,IND,0,10th Pass,35,"Rs 6,96,174",Rs 0,0,,
GOPALGANJ,Sunita Kumar,SP,0,Graduate,46,"Rs 2,80,13,750","Rs 25,00,000",0,,
GOPALGANJ,Surendra Paswan,Rashtriya Bahujan Congress Party,0,Post Graduate,33,"Rs 35,40,000","Rs 2,00,000",0,,
GOPALGANJ,Surendra Ram,Bharatiya Ekta Dal,0,Literate,46,"Rs 11,60,000","Rs 25,000",0,,
HAJIPUR,Ram Vilas Paswan   Winner,LJP,2,Post Graduate,67,"Rs 96,42,023",Rs 0,1,Paswan,
HAJIPUR,Dhaneshwar Ram,BSP,0,Graduate,67,"Rs 70,66,500",Rs 0,0,,
HAJIPUR,Dinanath Ram,IND,0,10th Pass,43,"Rs 72,000",Rs 0,0,,
HAJIPUR,Raj Kumar Paswan,AAP,0,12th Pass,27,"Rs 8,40,248",Rs 0,0,,
HAJIPUR,Ram Sundar Das,JD(U),0,10th Pass,93,"Rs 67,48,748","Rs 11,16,705",0,,
HAJIPUR,Randhir Kumar Ram,Bajjikanchal Vikas Party,0,Graduate,32,"Rs 5,02,500","Rs 40,000",0,,
HAJIPUR,Rina Ragni,Bahujan Mukti Party,0,Graduate,37,"Rs 16,43,000","Rs 16,00,000",0,,
HAJIPUR,Sanjeev Prasad Toni,INC,2,10th Pass,57,"Rs 7,52,79,297",Rs 0,0,,
HAJIPUR,Satya Narayan Paswan,AIFB,1,5th Pass,48,Nil,Rs 0,0,,
HAJIPUR,Suresha Paswan,IND,0,10th Pass,48,"Rs 1,38,834",Rs 0,0,,
HAJIPUR,Ujjawal Kant Hunkar,Bharatiya Momin Front,0,Graduate,49,"Rs 1,05,000",Rs 0,0,,
HAJIPUR,Upendra Ram,IND,0,12th Pass,41,"Rs 2,56,500",Rs 0,0,,
HAJIPUR,Veerchandra Paswan,SP,2,Post Graduate,50,"Rs 2,06,27,777","Rs 1,01,383",0,,
HAJIPUR,Vidhanchandra Rana,Samajwadi Janata Party (Rashtriya),0,Graduate,38,"Rs 4,30,000",Rs 0,0,,
HAJIPUR,Vifiya Devi Urf Vikiya Devi,IND,0,Literate,30,"Rs 1,38,000",Rs 0,0,,
JAHANABAD,Dr. Arun Kumar   Winner,Rashtriya Lok Samta Party,1,Doctorate,55,"Rs 3,88,46,631","Rs 10,00,000",1,,
JAHANABAD,Anil Kumar Sharma,JD(U),1,Doctorate,50,"Rs 8,49,88,03,720","Rs 1,09,53,93,904",0,,
JAHANABAD,Chandrabhushan Sharma,AAP,0,Doctorate,64,"Rs 78,77,980",Rs 0,0,,
JAHANABAD,Mananjay Kumar,IND,0,Graduate,31,"Rs 35,27,000",Rs 0,0,,
JAHANABAD,Manju Devi,Krantikari Vikas Dal,1,Literate,51,"Rs 11,10,000",Rs 0,0,,
JAHANABAD,Md. Istiyak,AITC,2,Graduate Professional,49,"Rs 94,81,904",Rs 0,0,,
JAHANABAD,Nityanand Singh,IND,2,Literate,39,"Rs 13,92,245","Rs 20,00,000",0,,
JAHANABAD,Prashuram Bind,Bahujan Mukti Party,0,Graduate,72,"Rs 26,36,206",Rs 0,0,,
JAHANABAD,Rahul Ranjan,JMM,0,Graduate,27,"Rs 34,31,000",Rs 0,0,,
JAHANABAD,Ramadhar Chaudhary,CPI(ML)L,3,10th Pass,58,"Rs 5,77,037",Rs 0,0,,
JAHANABAD,Ravindra Kumar,BSP,1,Graduate,40,"Rs 12,52,000",Rs 0,0,,
JAHANABAD,Suday Yadav,IND,0,10th Pass,26,"Rs 44,95,000",Rs 0,0,,
JAHANABAD,Surendra Prasad Yadav,RJD,3,Not Given,56,"Rs 4,94,62,901","Rs 10,22,720",0,,
JAMUI,Chirag Kumar Paswan   Winner,LJP,0,12th Pass,32,"Rs 1,04,14,470","Rs 44,58,954",1,Paswan,
JAMUI,Binod Kumar Das,AAP,1,12th Pass,34,"Rs 2,52,600",Rs 0,0,,
JAMUI,Brahmadav Anand Paswan,BSP,0,12th Pass,58,"Rs 94,93,973","Rs 1,75,000",0,,
JAMUI,Dilip Paswan,IND,0,10th Pass,30,"Rs 15,31,232",Rs 0,0,,
JAMUI,Jai Prakash Das,CPI(ML)L,0,8th Pass,61,"Rs 1,43,450",Rs 0,0,,
JAMUI,Manoj Kumar Manjhi,IND,0,12th Pass,32,"Rs 1,21,000","Rs 1,50,000",0,,
JAMUI,Subhash Paswan,IND,0,Not Given,45,"Rs 1,63,000",Rs 0,0,,
JAMUI,Sudhansu Shekhar Bhaskar,RJD,0,Doctorate,46,"Rs 1,39,50,638","Rs 12,06,926",0,,
JAMUI,Uday Narain Choudhary,JD(U),0,Graduate,61,"Rs 98,27,813",Rs 0,0,,
JAMUI,Upendra Ravidas,JMM,0,10th Pass,35,"Rs 42,12,80,000",Rs 0,0,,
JAMUI,Vishun Chaudhary,SHS,0,8th Pass,56,"Rs 1,90,000",Rs 0,0,,
JHANJHARPUR,Birendra Kumar Chaudhary   Winner,BJP,0,Post Graduate,60,"Rs 51,58,792",Rs 0,1,Chandray,
JHANJHARPUR,Akthaar Ali,Jai Prakash Janata Dal,0,Graduate,44,"Rs 1,16,600",Rs 0,0,,
JHANJHARPUR,Awdhesh Kumar Shingh,IND,0,Graduate,46,"Rs 12,80,000",Rs 134,0,,
JHANJHARPUR,Bighnesh Bhagat,Bahujan Mukti Party,0,Graduate,41,"Rs 20,92,390",Rs 0,0,,
JHANJHARPUR,Bipin Kumar Jha,Bharat Vikas Morcha,0,Graduate,35,"Rs 40,51,668","Rs 3,00,000",0,,
JHANJHARPUR,Chandramohan Jha,IND,3,Doctorate,59,"Rs 13,88,13,648","Rs 51,588",0,,
JHANJHARPUR,Chhedi Ram,IND,0,Literate,35,"Rs 17,707",Rs 0,0,,
JHANJHARPUR,Davendra Prasad Yadav,JD(U),0,Graduate,58,"Rs 79,41,707","Rs 6,00,000",0,,
JHANJHARPUR,Dr. Binay Kumar Jha,IND,0,Graduate Professional,56,"Rs 6,64,000","Rs 15,000",0,,
JHANJHARPUR,Haidar,VANCHITSAMAJ INSAAF PARTY,3,Others,49,"Rs 6,40,000",Rs 0,0,,
JHANJHARPUR,Ibrahim Abbasi,IND,0,5th Pass,36,"Rs 5,55,764",Rs 0,0,,
JHANJHARPUR,Janak Roy,IND,0,Literate,71,"Rs 75,000",Rs 0,0,,
JHANJHARPUR,Mangni Lal Mandal,RJD,3,Post Graduate,65,"Rs 7,69,50,805","Rs 16,54,819",0,,
JHANJHARPUR,Manilal Sahu,BSP,0,5th Pass,69,"Rs 30,01,000",Rs 0,0,,
JHANJHARPUR,Md. Faiyaz Khan,Janta Dal Rashtravadi,0,Post Graduate,45,"Rs 2,68,05,000",Rs 0,0,,
JHANJHARPUR,Pawan Kumar,IND,0,Graduate,37,"Rs 51,65,500",Rs 0,0,,
JHANJHARPUR,Ram Chandra Safi,IND,0,10th Pass,47,"Rs 4,75,666","Rs 44,100",0,,
JHANJHARPUR,Tiliya Devi,AAP,1,Literate,66,"Rs 3,01,462","Rs 25,000",0,,
KARAKAT,Upendra Kushwaha   Winner,Rashtriya Lok Samta Party,4,Post Graduate,51,"Rs 2,48,29,741","Rs 8,23,834",1,Kushwaha,
KARAKAT,Bhairaw Dayal Singh,IND,0,Post Graduate,70,"Rs 1,68,47,000",Rs 0,0,,
KARAKAT,Dinesh Kumar,Bahujan Mukti Party,1,Doctorate,34,"Rs 4,78,500",Rs 0,0,,
KARAKAT,Ghulam Kundanam,AAP,1,Graduate Professional,43,"Rs 6,23,000","Rs 2,80,800",0,,
KARAKAT,Imran Ali,IND,0,Graduate,27,"Rs 7,845",Rs 0,0,,
KARAKAT,Kanti Singh,RJD,4,Graduate,59,"Rs 6,03,90,021","Rs 3,37,826",0,,
KARAKAT,Mahabali Singh,JD(U),5,8th Pass,59,"Rs 3,34,37,255",Rs 0,0,,
KARAKAT,Md. Dilbas Ansari,IND,0,Post Graduate,62,"Rs 70,000",Rs 0,0,,
KARAKAT,Pradeep Kumar Joshi,Rashtra Sewa Dal,21,12th Pass,45,"Rs 1,17,21,162","Rs 1,19,08,841",0,,
KARAKAT,Raja Ram Singh,CPI(ML)L,4,Graduate Professional,58,"Rs 67,96,970",Rs 0,0,,
KARAKAT,Rajani Dubey,Akhil Bharatiya Jan Sangh,0,Graduate,41,"Rs 83,24,677",Rs 0,0,,
KARAKAT,Ram Dayal Singh,IND,0,Graduate,59,"Rs 32,56,600",Rs 0,0,,
KARAKAT,Sanjay Kewat,BSP,0,Graduate,29,"Rs 19,97,000",Rs 0,0,,
KARAKAT,Satya Narayan Singh,IND,0,Graduate,51,"Rs 1,94,50,824","Rs 23,96,194",0,,
KARAKAT,Veena Bharti,Janvadi Party(Socialist),0,8th Pass,38,"Rs 7,29,000",Rs 0,0,,
KATIHAR,Shah Tariq Anwar   Winner,NCP,1,Graduate,63,"Rs 10,46,00,951","Rs 2,04,54,853",1,,Muslim
KATIHAR,Abdur Rahaman,Bharatiya Momin Front,0,12th Pass,51,"Rs 6,27,100","Rs 35,000",0,,
KATIHAR,Ashok Ku Bhagat,IND,1,Literate,42,"Rs 11,96,345",Rs 0,0,,
KATIHAR,Ashok Kumar,IND,0,12th Pass,44,"Rs 94,891",Rs 0,0,,
KATIHAR,Bibhaker Jha,AAP,1,Graduate,37,"Rs 3,73,035",Rs 0,0,,
KATIHAR,Dr. Ram Prakash Mahto,JD(U),5,Doctorate,62,"Rs 1,18,29,625","Rs 12,31,046",0,,
KATIHAR,Fulmani Hembram,Bharat Vikas Morcha,0,8th Pass,33,"Rs 7,53,000",Rs 0,0,,
KATIHAR,Kanhai Mandal,IND,0,8th Pass,38,"Rs 5,79,677",Rs 0,0,,
KATIHAR,Mahesh Mandal,Bahujan Mukti Party,3,Doctorate,34,"Rs 18,21,376",Rs 0,0,,
KATIHAR,Md. Iqbal Ahmad,Samajwadi Janata Party (Rashtriya),2,Others,33,"Rs 28,27,500",Rs 0,0,,
KATIHAR,Md. Tariq Anwar,IND,0,12th Pass,28,"Rs 1,13,000",Rs 0,0,,
KATIHAR,Mehboob Alam,CPI(ML)L,11,12th Pass,57,"Rs 12,15,962",Rs 0,0,,
KATIHAR,Mohammad Hamid Mobarak,AITC,0,Graduate,39,"Rs 26,77,359",Rs 0,0,,
KATIHAR,Nalini Mandal,IND,0,12th Pass,48,"Rs 3,51,119",Rs 0,0,,
KATIHAR,Nikhil Kumar Choudhary,BJP,0,Graduate,68,"Rs 2,52,25,976","Rs 4,08,966",0,,
KATIHAR,Raj Kumar Mandal,IND,0,Post Graduate,48,"Rs 6,91,300",Rs 0,0,,
KATIHAR,Sanjay Singh,IND,0,Post Graduate,44,"Rs 1,08,30,016","Rs 2,02,000",0,,
KATIHAR,Satya Narayan Bhagat,Proutist Sarva Samaj,0,Graduate,68,"Rs 10,62,200",Rs 0,0,,
KATIHAR,Shivendra Kumar,BSP,0,Post Graduate,40,"Rs 4,95,400","Rs 1,18,033",0,,
KATIHAR,Suresh Rai,Rashtravadi Janata Party,0,8th Pass,40,"Rs 6,72,000","Rs 80,000",0,,
KHAGARIA,Choudhary Mahboob Ali Kaiser   Winner,LJP,1,Graduate,47,"Rs 6,65,69,502",Rs 0,1,,Muslim
KHAGARIA,Brahmdev Mukhiya,Rashtriya Naujawan Dal,2,Literate,58,"Rs 44,72,000",Rs 0,0,,
KHAGARIA,Dineshchandra Yadav,JD(U),0,Others,57,"Rs 1,76,68,299",Rs 0,0,,
KHAGARIA,Dr. Swami Vivekanand,AAP,2,Doctorate,50,"Rs 98,90,017","Rs 9,00,000",0,,
KHAGARIA,Ganesh Mukhiya Nishad,Sarvajan Kalyan Loktantrik Party,1,12th Pass,33,"Rs 68,29,298",Rs 0,0,,
KHAGARIA,Jagdish Chandra Bashu,CPI(M),0,12th Pass,43,"Rs 70,69,526","Rs 2,37,000",0,,
KHAGARIA,Krishana Kumari Yadav,RJD,4,Graduate,39,"Rs 7,83,52,261","Rs 18,50,000",0,,
KHAGARIA,Makkhan Sah,Samajwadi Janata Party (Rashtriya),0,Graduate,39,"Rs 64,70,304",Rs 0,0,,
KHAGARIA,Rajeev Ranjan,Lok Dal,2,12th Pass,31,"Rs 42,47,500",Rs 0,0,,
KHAGARIA,Rajesh Kumar,BSP,0,Graduate,36,"Rs 1,00,16,038",Rs 0,0,,
KHAGARIA,Satish Prasad Singh,IND,1,Graduate,41,"Rs 34,62,200","Rs 25,000",0,,
KHAGARIA,Tej Bahadur Singh,Proutist Sarva Samaj,0,Graduate,71,"Rs 28,64,479",Rs 0,0,,
KHAGARIA,Umesh Chandra Bharati,IND,0,Literate,53,"Rs 5,65,000",Rs 0,0,,
KISHANGANJ,Mohammad Asrarul Haque   Winner,INC,2,Post Graduate,67,"Rs 46,16,629",Rs 0,1,,Muslim
KISHANGANJ,Akhtarul Iman,JD(U),1,Post Graduate,48,"Rs 49,07,533","Rs 8,20,788",0,,
KISHANGANJ,Alimuddin Ansari,AAP,0,10th Pass,59,"Rs 52,10,680",Rs 0,0,,
KISHANGANJ,Chitranjan Singh,IND,0,10th Pass,51,"Rs 6,30,000","Rs 20,000",0,,
KISHANGANJ,Chote Lal Mahto,IND,0,5th Pass,37,"Rs 3,34,500",Rs 0,0,,
KISHANGANJ,Manowar Alam,Janta Dal Rashtravadi,0,12th Pass,39,"Rs 4,65,813",Rs 215,0,,
KISHANGANJ,Md.naushad,BSP,0,8th Pass,35,"Rs 3,70,000","Rs 3,16,000",0,,
KISHANGANJ,Mohammad Gulab Siddiqui,Loktantrik Janata Party (Secular),0,8th Pass,44,"Rs 2,96,809",Rs 0,0,,
KISHANGANJ,Mohammad Wasiqur Rahman,IUML,2,12th Pass,36,"Rs 48,30,500","Rs 1,66,000",0,,
MADHEPURA,Rajesh Ranjan Urf Pappu Yadav   Winner,RJD,24,Graduate,46,"Rs 8,12,42,966","Rs 9,56,306",1,Yadav,
MADHEPURA,Anwar Alam,AAP,0,Others,38,"Rs 7,70,380",Rs 0,0,,
MADHEPURA,Bhikha Paswan,Bharat Vikas Morcha,0,Graduate,51,"Rs 58,19,278","Rs 1,03,000",0,,
MADHEPURA,Chandra Shekhar Yadav,Bahujan Mukti Party,2,Graduate,37,"Rs 1,65,57,292","Rs 34,00,000",0,,
MADHEPURA,Guljar Kumar,BSP,0,Graduate,31,Rs 35,Rs 0,0,,
MADHEPURA,Mina Devi,IND,0,Literate,38,"Rs 1,85,81,662","Rs 4,00,000",0,,
MADHEPURA,Mohammad Arshad Hussain,Peace Party,0,Others,38,"Rs 14,42,500",Rs 0,0,,
MADHEPURA,Prasanna Kumar,IND,0,Post Graduate,61,"Rs 95,74,085",Rs 0,0,,
MADHEPURA,Rajo Sah,IND,0,Literate,34,"Rs 34,90,200","Rs 6,50,000",0,,
MADHEPURA,Sajan Kumar Jha,Jai Maha Bharath Party,0,Graduate,42,"Rs 32,28,000","Rs 25,000",0,,
MADHEPURA,Sharad Yadav,JD(U),0,Graduate Professional,66,"Rs 5,46,76,401",Rs 0,0,,
MADHEPURA,Vijay Kumar Singh,BJP,4,Graduate,56,"Rs 1,62,10,739","Rs 15,98,602",0,,
MADHUBANI,Hukum Deo Narayan Yadav   Winner,BJP,0,Graduate,77,"Rs 7,79,78,890",Rs 0,1,Yadav,
MADHUBANI,Abdul Bari Siddiqui,RJD,3,12th Pass,62,"Rs 1,63,43,817","Rs 27,18,221",0,,
MADHUBANI,Anirud Sahu,Samajwadi Janata Party (Rashtriya),0,12th Pass,41,"Rs 5,86,000",Rs 800,0,,
MADHUBANI,Dhruv Narayan Karn,CPI(ML)L,7,10th Pass,54,"Rs 22,62,312","Rs 21,250",0,,
MADHUBANI,Faiz Ahmad,Jai Prakash Janata Dal,2,Post Graduate,34,"Rs 3,26,684",Rs 0,0,,
MADHUBANI,Harinarayan Yadav,BSP,1,10th Pass,49,"Rs 1,25,47,000","Rs 25,000",0,,
MADHUBANI,Neeraj Pathak,AAP,0,Graduate,30,"Rs 1,37,63,263","Rs 1,20,000",0,,
MADHUBANI,Professor Gulam Gaus,JD(U),1,Post Graduate,52,"Rs 1,03,24,645","Rs 4,03,333",0,,
MADHUBANI,Ratneshwar Jha,Akhil Bhartiya Mithila Party,0,12th Pass,50,"Rs 12,14,000",Rs 0,0,,
MADHUBANI,Vijay Kumar,IND,0,12th Pass,26,"Rs 51,300",Rs 0,0,,
MAHARAJGANJ,Janardan Singh Sigriwal   Winner,BJP,4,Graduate,50,"Rs 47,95,223","Rs 10,000",1,Singh,
MAHARAJGANJ,Brinda Pathak,IND,0,Graduate Professional,68,"Rs 78,90,000",Rs 0,0,,
MAHARAJGANJ,Byas Manjhi,Bahujan Mukti Party,0,Graduate Professional,43,"Rs 1,17,82,000",Rs 0,0,,
MAHARAJGANJ,Gopal Prasad,IND,0,Graduate Professional,63,"Rs 25,18,000",Rs 0,0,,
MAHARAJGANJ,Manoranjan Singh,JD(U),10,8th Pass,54,"Rs 3,51,83,301","Rs 23,11,198",0,,
MAHARAJGANJ,Nagendra Prasad,BSP,0,Post Graduate,49,"Rs 1,09,69,151","Rs 2,45,000",0,,
MAHARAJGANJ,Prabhu Nath Singh,RJD,8,12th Pass,61,"Rs 3,13,80,728","Rs 1,27,066",0,,
MAHARAJGANJ,Rina Rani,AAP,1,Graduate,40,"Rs 1,78,36,000",Rs 0,0,,
MAHARAJGANJ,Shiv Nath Mahto,IND,2,Literate,57,"Rs 25,23,555","Rs 13,741",0,,
MAHARAJGANJ,Umashankar Tiwari,IND,0,Graduate Professional,38,"Rs 9,61,700","Rs 25,000",0,,
MUNGER,Veena Devi   Winner,LJP,0,8th Pass,41,"Rs 3,11,62,836",Rs 0,1,,
MUNGER,Dr. Ashok Kumar Singh,SHS,0,Doctorate,0,"Rs 20,54,194",Rs 0,0,,
MUNGER,Kamleshwari Mandal,BSP,0,Others,63,"Rs 30,65,084",Rs 0,0,,
MUNGER,Muzaffar Fakhruddin,IND,0,Graduate,54,"Rs 18,83,100",Rs 0,0,,
MUNGER,Pragati Mehta,RJD,0,Graduate,33,"Rs 64,22,050",Rs 0,0,,
MUNGER,Pramod Kumar,SUCI(C),0,Post Graduate,47,"Rs 17,41,914",Rs 0,0,,
MUNGER,Rajiv Ranjan Singh Alias Lalan Singh,JD(U),1,Graduate,60,"Rs 5,57,57,926","Rs 35,12,083",0,,
MUNGER,Sandeep,AAP,0,Graduate Professional,28,"Rs 57,90,000","Rs 7,50,000",0,,
MUNGER,Shankar Prasad,Bahujan Mukti Party,2,Graduate,49,"Rs 4,02,53,000",Rs 0,0,,
MUNGER,Sharwan Kumar Anand,IND,0,Post Graduate,43,"Rs 5,750",Rs 0,0,,
MUNGER,Suryoday Paswan,Sankhyanupati Bhagidari Party,0,Graduate,40,"Rs 6,27,000",Rs 0,0,,
MUNGER,Uchit Kumar,IND,1,12th Pass,0,"Rs 1,76,574",Rs 0,0,,
MUZAFFARPUR,Ajay Nishad   Winner,BJP,0,Graduate,45,"Rs 14,57,12,654","Rs 9,89,888",1,,
MUZAFFARPUR,Ajitansh Gaur,IND,0,Post Graduate,25,"Rs 23,000",Rs 0,0,,
MUZAFFARPUR,Akhilesh Prasad Singh,INC,0,Doctorate,44,"Rs 21,62,75,454",Rs 0,0,,
MUZAFFARPUR,Akshay Verma,Sarvajan Kalyan Loktantrik Party,0,Post Graduate,27,"Rs 4,78,45,505","Rs 1,49,49,074",0,,
MUZAFFARPUR,Ashok Kumar Jha,SHS,0,10th Pass,48,"Rs 1,04,60,864","Rs 6,00,000",0,,
MUZAFFARPUR,Ashok Kumar Singh,SUCI(C),1,10th Pass,62,"Rs 1,33,17,000","Rs 1,20,200",0,,
MUZAFFARPUR,Bijendra Chaudhary,JD(U),6,Graduate,47,"Rs 1,72,45,873","Rs 3,98,572",0,,
MUZAFFARPUR,Deepak Kumar,IND,0,8th Pass,32,"Rs 70,700",Rs 0,0,,
MUZAFFARPUR,Devendra Rakesh,Bajjikanchal Vikas Party,2,Post Graduate,63,"Rs 4,58,99,000","Rs 2,56,000",0,,
MUZAFFARPUR,Kamlesh Chaudhary,IND,0,Literate,41,"Rs 9,06,530","Rs 50,000",0,,
MUZAFFARPUR,Kunal Priyadarshi,Rashtriya Krantikari Samajwadi Party,0,Graduate,29,"Rs 25,50,000",Rs 0,0,,
MUZAFFARPUR,Madhur Sheel,Jai Maha Bharath Party,0,Graduate,45,"Rs 52,26,000","Rs 5,00,000",0,,
MUZAFFARPUR,Mahesh Paswan,IND,0,Graduate,46,"Rs 5,40,000",Rs 0,0,,
MUZAFFARPUR,Mahesh Rai,Bahujan Mukti Party,0,8th Pass,54,"Rs 3,95,73,603","Rs 77,600",0,,
MUZAFFARPUR,Md Anwarul Haque,IND,1,8th Pass,41,"Rs 1,10,000","Rs 25,000",0,,
MUZAFFARPUR,Mohammad Taiyab,IND,0,8th Pass,43,"Rs 26,30,000","Rs 5,73,000",0,,
MUZAFFARPUR,Nageshwar Prasad Singh,IND,0,8th Pass,49,"Rs 10,16,500","Rs 25,000",0,,
MUZAFFARPUR,Nawal Kishor Jha,Samajwadi Janata Party (Rashtriya),0,Graduate,36,"Rs 8,50,000","Rs 50,000",0,,
MUZAFFARPUR,Nilu Singh,"Proutist Bloc, India",0,12th Pass,41,"Rs 10,65,960",Rs 0,0,,
MUZAFFARPUR,Pankaj Kumar Srivastava,Jai Prakash Janata Dal,0,12th Pass,44,"Rs 65,000",Rs 0,0,,
MUZAFFARPUR,Prabhat Suman,AAP,0,Graduate Professional,33,"Rs 68,46,500","Rs 7,000",0,,
MUZAFFARPUR,Raghvendra Pratap Singh,Rajnaitik Vikalp Party,0,Literate,25,"Rs 96,000",Rs 0,0,,
MUZAFFARPUR,Rajeev Ranjan,BSP,1,Post Graduate,34,"Rs 38,60,000",Rs 0,0,,
MUZAFFARPUR,Rajesh Kumar,AIFB,0,Others,26,"Rs 1,90,000",Rs 0,0,,
MUZAFFARPUR,Ravi Shankar Paswan,IND,0,Graduate,48,"Rs 1,60,33,000",Rs 0,0,,
MUZAFFARPUR,Rupesh Kumar Kuar,IND,0,Literate,31,"Rs 1,40,000",Rs 0,0,,
MUZAFFARPUR,Shatrudhan Sahni,CPI(ML)L,4,5th Pass,42,"Rs 8,17,500","Rs 50,000",0,,
MUZAFFARPUR,Shravan Kumar Jha,IND,0,Graduate,30,"Rs 10,98,546",Rs 0,0,,
MUZAFFARPUR,Suresh Kumar,IND,1,Graduate,45,"Rs 46,54,200","Rs 9,12,000",0,,
NALANDA,Kaushlendra Kumar   Winner,JD(U),0,12th Pass,49,"Rs 1,18,12,717","Rs 4,77,000",1,,
NALANDA,Ashish Ranjan Sinha,INC,0,Graduate,64,"Rs 9,42,10,202",Rs 0,0,,
NALANDA,Awadh Kumar,IND,0,Graduate,40,"Rs 61,89,466",Rs 0,0,,
NALANDA,Bhola Sao,Krantikari Vikas Dal,0,Literate,52,"Rs 1,40,000",Rs 0,0,,
NALANDA,Dhirendra Kumar,Janvadi Party(Socialist),0,10th Pass,32,"Rs 2,50,000",Rs 0,0,,
NALANDA,Kaushal Kumar Kaushalendra Sinha Alias Bharat Manas,IND,1,12th Pass,40,"Rs 30,49,003",Rs 0,0,,
NALANDA,Lallu Ram,Bahujan Mukti Party,0,Literate,44,"Rs 61,000",Rs 0,0,,
NALANDA,Lata Sinha,IND,0,Post Graduate,38,"Rs 23,30,367","Rs 64,000",0,,
NALANDA,Munna Prasad,IND,0,10th Pass,46,"Rs 3,50,000",Rs 0,0,,
NALANDA,Naresh Prasad Singh,IND,0,Graduate,43,"Rs 1,13,87,000","Rs 25,99,000",0,,
NALANDA,Nayeb Ali,AITC,0,Doctorate,43,"Rs 18,96,783",Rs 0,0,,
NALANDA,Niraj Sharma,Rajnaitik Vikalp Party,0,Literate,58,"Rs 1,13,99,238",Rs 0,0,,
NALANDA,Parnav Prakash,AAP,0,Graduate Professional,0,"Rs 5,84,83,543","Rs 1,60,00,000",0,,
NALANDA,Pramod Kumar Nirala,Sankhyanupati Bhagidari Party,0,Graduate,45,"Rs 79,29,000","Rs 67,000",0,,
NALANDA,Rakesh Ranjan Sinha,RPI(A),0,Graduate,35,"Rs 37,48,727","Rs 16,599",0,,
NALANDA,Sanjay Kumar,BSP,0,10th Pass,36,"Rs 9,20,000","Rs 25,000",0,,
NALANDA,Satya Nand Sharma,LJP,0,Literate,64,"Rs 1,28,18,500",Rs 0,0,,
NALANDA,Shailesh Kumar,Ati Picchara party,0,Graduate Professional,51,"Rs 44,45,777",Rs 0,0,,
NALANDA,Shashi Yadav,CPI(ML)L,1,Graduate,40,"Rs 14,000",Rs 0,0,,
NALANDA,Vishwajit Kumar,IND,0,12th Pass,25,"Rs 34,09,263",Rs 0,0,,
NALANDA,Yogendra Prasad,Bharatiya Inqalab Party,0,12th Pass,65,"Rs 58,74,500","Rs 25,000",0,,
NAWADA,Giriraj Singh   Winner,BJP,1,Graduate,61,"Rs 5,00,54,771",Rs 0,1,Singh,
NAWADA,Kaushal Yadav,JD(U),8,Post Graduate,44,"Rs 15,45,66,136","Rs 26,04,969",0,,
NAWADA,Aditya Narayan,IND,0,Graduate,32,"Rs 1,57,70,000",Rs 0,0,,
NAWADA,Ajad Geeta Prasad Sharma,IND,0,12th Pass,48,"Rs 70,80,000",Rs 0,0,,
NAWADA,Ashok Kumar,Rajnaitik Vikalp Party,1,Literate,37,"Rs 31,16,000",Rs 0,0,,
NAWADA,Manish Kumar,IND,2,Graduate,40,"Rs 17,98,755","Rs 4,28,000",0,,
NAWADA,Mohammad Jahid Husain,AITC,0,Graduate,42,"Rs 16,57,448",Rs 0,0,,
NAWADA,Parmendra Kumar Yadav,Bharatiya Ekta Dal,0,12th Pass,34,"Rs 10,30,800",Rs 0,0,,
NAWADA,Rajballabh Prasad,RJD,3,10th Pass,52,"Rs 8,31,37,973","Rs 13,87,290",0,,
NAWADA,Rajendra Singh,AAP,0,Graduate Professional,58,"Rs 14,55,858","Rs 8,58,745",0,,
NAWADA,Safdar Ismail,IND,0,Graduate Professional,36,"Rs 86,05,000","Rs 25,000",0,,
NAWADA,Satish Kumar,IND,0,10th Pass,50,"Rs 1,16,10,000",Rs 0,0,,
NAWADA,Sohail Anwer,BSP,0,Literate,48,"Rs 4,15,000","Rs 85,000",0,,
NAWADA,Sulochana Devi,IND,0,Literate,39,"Rs 72,75,000","Rs 8,00,000",0,,
NAWADA,Surendra Rajvanshi,SP,0,Graduate,35,"Rs 33,85,189",Rs 0,0,,
NAWADA,Umakant Rahi,Shoshit Samaj Dal,0,Post Graduate,42,"Rs 26,10,034",Rs 0,0,,
NAWADA,Vijay Ram,Moolniwasi Samaj Party,1,10th Pass,42,"Rs 2,21,500",Rs 0,0,,
PASCHIM CHAMPARAN,Dr. Sanjay Jayaswal   Winner,BJP,2,Post Graduate,49,"Rs 3,59,41,299","Rs 61,97,804",1,Jayaswal,
PASCHIM CHAMPARAN,Anand Kaushal Singh,AAP,0,12th Pass,34,"Rs 15,06,647","Rs 5,06,875",0,,
PASCHIM CHAMPARAN,Anand Prasad,IND,0,10th Pass,36,"Rs 1,35,70,606","Rs 2,48,000",0,,
PASCHIM CHAMPARAN,Mohan Kumar,IND,0,Post Graduate,35,"Rs 13,89,158",Rs 0,0,,
PASCHIM CHAMPARAN,Nafis Ahamad,IND,1,10th Pass,42,"Rs 15,17,017","Rs 49,000",0,,
PASCHIM CHAMPARAN,Prabhuraj Narayan Rao,CPI(M),0,Graduate,59,"Rs 53,61,400","Rs 45,000",0,,
PASCHIM CHAMPARAN,Raghunath Jha,RJD,0,12th Pass,68,"Rs 1,95,13,745","Rs 45,08,715",0,,
PASCHIM CHAMPARAN,Ratan Kumar Sarkar,IND,0,12th Pass,61,"Rs 32,71,200",Rs 0,0,,
PASCHIM CHAMPARAN,Said Irsad Akhtar,IND,0,12th Pass,37,"Rs 5,46,818",Rs 0,0,,
PASCHIM CHAMPARAN,Sri Praksh Jha,JD(U),1,12th Pass,61,"Rs 92,54,80,118","Rs 55,22,93,138",0,,
PASCHIM CHAMPARAN,Sunil Kumar Rao,CPI(ML)L,3,Graduate,41,"Rs 96,59,800","Rs 3,41,000",0,,
PATALIPUTRA,Ram Kripal Yadav   Winner,BJP,1,Graduate,53,"Rs 1,39,89,431","Rs 21,00,000",1,Yadav,
PATALIPUTRA,Avinash Kumar,Bharatiya Jan Kranti Dal (Democratic),0,Post Graduate,53,"Rs 15,20,412","Rs 56,797",0,,
PATALIPUTRA,Chandra Dev Prasad,Bahujan Mukti Party,0,Post Graduate,41,"Rs 4,79,600",Rs 0,0,,
PATALIPUTRA,Dev Kumar Verma,RPI(A),0,12th Pass,56,"Rs 43,33,000",Rs 0,0,,
PATALIPUTRA,Durgesh Nandan Singh,IND,0,Graduate Professional,37,"Rs 32,73,000",Rs 0,0,,
PATALIPUTRA,Jai Prakash Yadav,IND,0,Graduate Professional,54,"Rs 14,34,000",Rs 0,0,,
PATALIPUTRA,Kumar Indra Bhushan,IND,2,Graduate,40,"Rs 91,22,284","Rs 2,85,000",0,,
PATALIPUTRA,Kundan Prasad Singh,AAP,0,12th Pass,57,"Rs 48,33,000",Rs 0,0,,
PATALIPUTRA,Minendra Kumar Singh,IND,0,Others,62,"Rs 18,67,902",Rs 0,0,,
PATALIPUTRA,Misha Bharti,RJD,1,Graduate Professional,39,"Rs 4,76,34,901",Rs 0,0,,
PATALIPUTRA,Mukul Kumar Sharma,Sankhyanupati Bhagidari Party,1,10th Pass,26,"Rs 22,12,400",Rs 0,0,,
PATALIPUTRA,Nagendra Kumar,Bharat Vikas Morcha,0,Graduate,33,"Rs 11,66,489",Rs 0,0,,
PATALIPUTRA,Niraj Kumar,IND,0,Graduate,48,"Rs 51,500",Rs 0,0,,
PATALIPUTRA,Pancham Lal,IND,0,Graduate,63,"Rs 2,99,91,521",Rs 0,0,,
PATALIPUTRA,Raj Kumar Ram,BSP,0,10th Pass,41,"Rs 6,60,000","Rs 4,50,000",0,,
PATALIPUTRA,Rameshwar Prasad,CPI(ML)L,6,8th Pass,67,"Rs 23,86,000",Rs 0,0,,
PATALIPUTRA,Ranjan Prasad Yadav,JD(U),0,Doctorate,69,"Rs 5,53,27,154","Rs 17,66,678",0,,
PATALIPUTRA,Shatrudhan Shah,Bharatiya Ekta Dal,0,10th Pass,46,"Rs 20,30,000","Rs 50,000",0,,
PATALIPUTRA,Sunil Kumar,Samajwadi Janata Party (Rashtriya),0,12th Pass,41,"Rs 8,00,000","Rs 1,50,000",0,,
PATALIPUTRA,Sunil Kumar Singh,IND,0,Post Graduate,45,"Rs 12,33,69,500","Rs 61,000",0,,
PATNA SHAHIB,Shatrughan Sinha   Winner,BJP,1,Graduate,67,"Rs 1,31,74,05,961","Rs 16,87,60,929",1,Sinha,
PATNA SHAHIB,Anil Kumar,IND,0,Post Graduate,48,"Rs 1,99,542",Rs 0,0,,
PATNA SHAHIB,Chandra Bhushan Prasad Chandravnsi,Bahujan Mukti Party,1,Literate,44,"Rs 2,97,11,938","Rs 50,200",0,,
PATNA SHAHIB,Dr. Rakesh Datta Mishra,Bharatiya Jan Kranti Dal (Democratic),0,Post Graduate,39,"Rs 1,49,047",Rs 0,0,,
PATNA SHAHIB,Gajendra Kumar,Sankhyanupati Bhagidari Party,0,Graduate,30,"Rs 15,75,000",Rs 0,0,,
PATNA SHAHIB,Ganesh Shaw,BSP,0,Graduate,36,"Rs 64,000","Rs 52,000",0,,
PATNA SHAHIB,Ganga Vishnu Prasadq,IND,0,Graduate Professional,73,"Rs 64,01,308",Rs 0,0,,
PATNA SHAHIB,Gopal Prasad Sinha,JD(U),0,Post Graduate,71,"Rs 5,91,31,851",Rs 0,0,,
PATNA SHAHIB,Jauhar Azad,Janta Dal Rashtravadi,0,12th Pass,29,"Rs 5,60,500","Rs 3,60,000",0,,
PATNA SHAHIB,Kumar Rajiv,IND,0,Post Graduate,43,Nil,Rs 0,0,,
PATNA SHAHIB,Lal Bahadur Singh Patel,Krantikari Vikas Dal,1,10th Pass,46,"Rs 8,30,000",Rs 0,0,,
PATNA SHAHIB,Nand Kishore Singh,IND,0,Graduate Professional,57,"Rs 2,12,39,370","Rs 6,54,750",0,,
PATNA SHAHIB,Parveen Amanullah,AAP,0,Graduate,56,"Rs 3,42,92,500",Rs 0,0,,
PATNA SHAHIB,Parwez Ahmad,Loktantrik Janata Party (Secular),0,Graduate,46,"Rs 88,692",Rs 0,0,,
PATNA SHAHIB,Shree Kant Labh,Samajwadi Janata Party (Rashtriya),2,Post Graduate,79,"Rs 57,881",Rs 0,0,,
PATNA SHAHIB,Shyam Nandan Prasad,IND,1,Doctorate,59,"Rs 3,65,72,000","Rs 9,43,000",0,,
PATNA SHAHIB,Umesh Kumar,SP,0,Graduate,46,"Rs 14,15,000",Rs 0,0,,
PATNA SHAHIB,Vijay Kumar Sahni,IND,0,Graduate,25,"Rs 75,28,500",Rs 0,0,,
PURNIA,Santosh Kumar   Winner,JD(U),3,12th Pass,35,"Rs 2,23,16,594","Rs 14,06,515",1,,
PURNIA,Amarnath Tiwari,INC,1,Graduate,59,"Rs 4,33,29,826","Rs 67,31,845",0,,
PURNIA,Anil Kumar Mahto,Janvadi Party(Socialist),0,10th Pass,30,"Rs 6,81,406",Rs 0,0,,
PURNIA,Fagu Marandi,Jharkhand Disom Party,1,Graduate,63,"Rs 11,51,323",Rs 0,0,,
PURNIA,Kunj Bihar Paswan,IND,0,Literate,52,"Rs 12,66,625","Rs 83,000",0,,
PURNIA,Mansoor Alam,SP,0,12th Pass,45,"Rs 71,96,656","Rs 6,00,000",0,,
PURNIA,Md Akhtar Ali,IND,0,Literate,32,"Rs 1,10,551",Rs 0,0,,
PURNIA,Md Shahid Akhtar,Bahujan Mukti Party,0,Graduate,59,"Rs 54,57,339",Rs 0,0,,
PURNIA,Md Shamsher Alam,JMM,1,12th Pass,48,"Rs 61,35,336","Rs 3,00,000",0,,
PURNIA,Navlesh Pathak,IND,0,Post Graduate,53,"Rs 2,50,60,000","Rs 10,000",0,,
PURNIA,Pankaj Kumar Singh,CPI(ML)L,3,8th Pass,48,"Rs 29,61,753",Rs 0,0,,
PURNIA,Pramod Narayan Poddar,Bhartiya Jantantrik Janata Dal,1,Graduate,57,"Rs 86,42,000","Rs 7,50,000",0,,
PURNIA,Raj Kumar Uraon,BSP,0,12th Pass,44,"Rs 42,77,000",Rs 0,0,,
PURNIA,Sanjay Singh,IND,0,10th Pass,35,"Rs 1,06,700",Rs 0,0,,
PURNIA,Sudeep Roy,AAP,0,Post Graduate,50,"Rs 2,47,64,655",Rs 0,0,,
PURNIA,Syed Shah Iqbal Alam,Bhartiya Ekta Manch Party,0,12th Pass,48,"Rs 1,82,01,000",Rs 0,0,,
PURNIA,Uday Singh Urf Pappu Singh,BJP,4,12th Pass,61,"Rs 1,46,63,64,723","Rs 12,31,00,000",0,,
PURVI CHAMPARAN,Radha Mohan Singh   Winner,BJP,0,Graduate,64,"Rs 2,25,58,073","Rs 42,70,360",1,Singh,
PURVI CHAMPARAN,Amit Kumar Chaubey,AAP,0,Post Graduate,30,"Rs 62,38,000","Rs 9,60,000",0,,
PURVI CHAMPARAN,Anil Kumar Singh,Jai Maha Bharath Party,0,12th Pass,42,"Rs 2,38,46,000",Rs 0,0,,
PURVI CHAMPARAN,Awanish Kumar Singh,JD(U),0,12th Pass,49,"Rs 7,57,81,467","Rs 34,77,531",0,,
PURVI CHAMPARAN,Dilip Singh,IND,0,Literate,0,"Rs 1,19,76,871","Rs 4,50,000",0,,
PURVI CHAMPARAN,Md Mokim Ansari,JKNPP,0,Graduate Professional,49,"Rs 3,45,81,400",Rs 0,0,,
PURVI CHAMPARAN,Md. Nasroodin,Janta Dal Rashtravadi,0,Post Graduate,42,"Rs 1,67,18,500",Rs 0,0,,
PURVI CHAMPARAN,Parasnath Pandey,Janvadi Party(Socialist),0,Graduate,55,"Rs 1,37,50,000","Rs 5,00,000",0,,
PURVI CHAMPARAN,Pawan Kumar,Kalinga Sena,0,Graduate,25,"Rs 4,51,086",Rs 0,0,,
PURVI CHAMPARAN,Pramod Kumar Pandey,IND,0,10th Pass,41,"Rs 56,70,105",Rs 0,0,,
PURVI CHAMPARAN,Raghunath Gupta,SP,0,12th Pass,64,"Rs 2,07,00,955","Rs 15,09,000",0,,
PURVI CHAMPARAN,Shatruhan Tiwary,Bajjikanchal Vikas Party,0,8th Pass,48,"Rs 8,52,48,200",Rs 0,0,,
PURVI CHAMPARAN,Suresh Paswan,BSP,0,10th Pass,41,"Rs 40,87,271","Rs 1,71,000",0,,
PURVI CHAMPARAN,Vinod Kumar Shrivastava,RJD,0,Graduate,54,"Rs 6,58,85,912","Rs 20,00,000",0,,
SAMASTIPUR,Ram Chandra Paswan   Winner,LJP,3,10th Pass,53,"Rs 1,30,58,612",Rs 0,1,Chandra,
SAMASTIPUR,Amit Kumar,Samajwadi Janata Party (Rashtriya),1,12th Pass,25,"Rs 14,78,998","Rs 1,95,000",0,,
SAMASTIPUR,Ashok Paswan,Bahujan Mukti Party,0,Graduate,28,"Rs 71,308",Rs 0,0,,
SAMASTIPUR,Baleshwar Paswan,Janta Dal Rashtravadi,0,Graduate,59,"Rs 19,58,000","Rs 1,00,000",0,,
SAMASTIPUR,Dr. Ashok Kumar,INC,1,Graduate Professional,59,"Rs 1,45,32,873","Rs 11,92,539",0,,
SAMASTIPUR,Ganesh Kumar,AAP,0,10th Pass,41,"Rs 22,62,533",Rs 0,0,,
SAMASTIPUR,Lal Bahadur Sada,CPI(ML)L,6,10th Pass,43,"Rs 20,77,500",Rs 0,0,,
SAMASTIPUR,Maheshwar Hazari,JD(U),0,Graduate,43,"Rs 2,14,64,499","Rs 69,41,446",0,,
SAMASTIPUR,Mithilesh Kumar Rajak,IND,0,Graduate,35,"Rs 25,40,933","Rs 25,000",0,,
SAMASTIPUR,Ram Chandar Ram,BSP,0,Graduate Professional,62,"Rs 21,90,160",Rs 0,0,,
SAMASTIPUR,Shatrughan Kumar Paswan,Rashtriya Krantikari Samajwadi Party,1,Post Graduate,44,"Rs 16,57,000",Rs 0,0,,
SAMASTIPUR,Vijay Kumar Ram,Rajnaitik Vikalp Party,0,12th Pass,27,"Rs 17,000",Rs 0,0,,
SARAN,Rajiv Pratap Rudy   Winner,BJP,1,Post Graduate,53,"Rs 6,25,45,997","Rs 10,08,658",1,Rudy,
SARAN,Bal Mukund Chauhan,BSP,0,Graduate Professional,46,"Rs 49,37,691","Rs 43,248",0,,
SARAN,Chandan Kumar Alias Chandan Gupta,Bihar Janta Party,4,Post Graduate,34,"Rs 28,00,179","Rs 15,16,000",0,,
SARAN,Lalan Prasad,IND,0,10th Pass,62,"Rs 4,11,000","Rs 5,00,000",0,,
SARAN,Lalu Rai,IND,1,12th Pass,39,"Rs 61,55,000","Rs 1,00,000",0,,
SARAN,Niraj Ram,Bahujan Mukti Party,0,Literate,29,"Rs 1,35,000","Rs 7,500",0,,
SARAN,Parmatama Singh,AAP,0,10th Pass,60,"Rs 1,44,62,242","Rs 10,41,900",0,,
SARAN,Rabri Devi,RJD,4,8th Pass,61,"Rs 7,53,81,900","Rs 1,30,00,000",0,,
SARAN,Rajesh Kumar,Bharatiya Ekta Dal,0,12th Pass,33,"Rs 11,72,198",Rs 0,0,,
SARAN,Ranjan Kumar,Jai Maha Bharath Party,3,12th Pass,27,"Rs 8,69,000",Rs 0,0,,
SARAN,Saleem Perwez,JD(U),0,Graduate,53,"Rs 6,49,20,000","Rs 1,02,837",0,,
SASARAM,Chhedi Paswan   Winner,BJP,0,Post Graduate,58,"Rs 3,57,76,803","Rs 2,75,000",1,Paswan,
SASARAM,Geeta Arya,AAP,0,8th Pass,47,"Rs 1,87,56,436",Rs 0,0,,
SASARAM,Karra Parasu Ramaiah,JD(U),1,Doctorate,59,"Rs 2,45,00,404","Rs 16,72,000",0,,
SASARAM,Meira Kumar,INC,0,Post Graduate,68,"Rs 38,47,51,309",Rs 0,0,,
SASARAM,Nand Lal Ram,IND,0,8th Pass,37,"Rs 6,88,000",Rs 0,0,,
SASARAM,Raj Narain Rao,IND,0,12th Pass,77,"Rs 5,58,000",Rs 100,0,,
SASARAM,Ravikant Chaudhary,IND,0,10th Pass,32,"Rs 2,25,500",Rs 0,0,,
SASARAM,Saroj Ram,Bahujan Mukti Party,0,Graduate Professional,54,"Rs 22,55,786","Rs 80,350",0,,
SASARAM,Surendra Ram,IND,0,5th Pass,39,"Rs 92,89,000","Rs 2,00,000",0,,
SASARAM,Tetari Devi,CPI(ML)L,0,Literate,39,"Rs 21,38,858",Rs 0,0,,
SHEOHAR,Rama Devi   Winner,BJP,6,Graduate Professional,65,"Rs 30,85,91,850",Rs 0,1,,
SHEOHAR,Angesh Kumar,BSP,2,Graduate Professional,43,"Rs 17,94,40,000","Rs 57,50,000",0,,
SHEOHAR,Jagranath Sahani,Sarvajan Kalyan Loktantrik Party,1,Post Graduate,31,"Rs 24,62,500",Rs 0,0,,
SHEOHAR,Jata Shankar Aatreya,Rajnaitik Vikalp Party,0,Post Graduate,51,"Rs 1,20,81,068","Rs 5,34,719",0,,
SHEOHAR,Lakshman Paswan,JMM,0,8th Pass,47,"Rs 2,37,345",Rs 0,0,,
SHEOHAR,Lovely Anand,SP,1,Graduate,39,"Rs 1,28,04,755",Rs 0,0,,
SHEOHAR,Md Anwarul Haque,RJD,7,Others,70,"Rs 1,95,80,000","Rs 11,49,181",0,,
SHEOHAR,Md Nasruddin Ansari,National Lokmat Party,0,Literate,41,"Rs 1,84,000",Rs 0,0,,
SHEOHAR,Ram Lobhit Paswan,Bahujan Mukti Party,0,Literate,67,"Rs 17,90,554",Rs 0,0,,
SHEOHAR,Rama Shankar Singh,AIFB,0,12th Pass,40,"Rs 30,12,000","Rs 10,00,000",0,,
SHEOHAR,Ramashish Mahto,IND,0,8th Pass,69,"Rs 41,34,220",Rs 0,0,,
SHEOHAR,Sanjay Prasad,IND,0,10th Pass,43,"Rs 81,72,300","Rs 3,99,000",0,,
SHEOHAR,Shahid Ali Khan,JD(U),3,Graduate Professional,54,"Rs 4,74,46,000","Rs 29,85,065",0,,
SHEOHAR,Shivanandan Prasad,IND,0,Post Graduate,70,"Rs 5,02,04,169",Rs 0,0,,
SITAMARHI,Ram Kumar Sharma   Winner,Rashtriya Lok Samta Party,0,Post Graduate,50,"Rs 92,65,000","Rs 82,000",1,,
SITAMARHI,Ajay Kumar,IND,1,12th Pass,37,"Rs 7,16,000",Rs 0,0,,
SITAMARHI,Arjun Rai,JD(U),1,Doctorate,42,"Rs 1,75,23,332","Rs 6,41,651",0,,
SITAMARHI,Bharat Bhushan Sahni,Sarvajan Kalyan Loktantrik Party,0,12th Pass,44,"Rs 3,50,000","Rs 2,61,000",0,,
SITAMARHI,Chandrika Prasad,IND,0,12th Pass,39,"Rs 10,91,362","Rs 45,520",0,,
SITAMARHI,Jai Kumar Chaudhary,Lok Dal,0,Graduate,36,"Rs 10,07,900",Rs 0,0,,
SITAMARHI,Kishori Das,AAP,2,Post Graduate,63,"Rs 21,20,000",Rs 0,0,,
SITAMARHI,Mahendra Prasad,Samajwadi Janata Party (Rashtriya),0,Graduate,45,"Rs 16,06,100",Rs 0,0,,
SITAMARHI,Mahesh Kumar,BSP,3,Post Graduate,48,"Rs 1,21,36,000","Rs 8,00,000",0,,
SITAMARHI,Mahesh Nandan Singh,IND,0,Graduate,44,"Rs 17,01,000",Rs 0,0,,
SITAMARHI,Mohammad Faiyaz Ahmad,IND,0,12th Pass,29,"Rs 65,75,600",Rs 0,0,,
SITAMARHI,Narendra Mishra,IND,0,Post Graduate,56,"Rs 16,26,000",Rs 0,0,,
SITAMARHI,Rajeev Ranjan,AITC,0,Graduate Professional,35,"Rs 7,95,05,000","Rs 40,00,000",0,,
SITAMARHI,Satyendra Bhandari,Bahujan Mukti Party,0,10th Pass,38,"Rs 10,06,000",Rs 0,0,,
SITAMARHI,Sitaram Yadav,RJD,0,Graduate Professional,66,"Rs 6,34,72,115","Rs 20,91,108",0,,
SITAMARHI,Sone Lal Sah,IND,0,8th Pass,66,"Rs 25,84,902",Rs 0,0,,
SITAMARHI,Surendra Kumar,Bajjikanchal Vikas Party,0,Graduate,33,"Rs 6,35,479","Rs 5,95,000",0,,
SITAMARHI,Syed Abu Dojana,SP,0,Graduate,49,"Rs 6,63,53,562",Rs 0,0,,
SITAMARHI,Vinod Sah,IND,0,Literate,48,"Rs 17,58,542",Rs 0,0,,
SIWAN,Om Prakash Yadav   Winner,BJP,1,Graduate,48,"Rs 22,13,023","Rs 19,56,467",1,Yadav,
SIWAN,Amar Nath Yadav,CPI(ML)L,8,Literate,49,"Rs 63,57,303","Rs 89,897",0,,
SIWAN,Ganesh Ram,BSP,1,Post Graduate,42,"Rs 7,79,202",Rs 0,0,,
SIWAN,Hena Sahab,RJD,0,Graduate,41,"Rs 7,40,95,721",Rs 0,0,,
SIWAN,Khalil Miyan Alias Md. Khalil Miyan,GGP,0,Post Graduate,38,"Rs 4,20,444",Rs 0,0,,
SIWAN,Manoj Kr Singh,JD(U),2,12th Pass,45,"Rs 9,92,24,071","Rs 14,36,515",0,,
SIWAN,Nagendra Tiwari,Loktantrik Janata Party (Secular),0,Post Graduate,36,"Rs 71,40,920","Rs 5,35,911",0,,
SIWAN,Narad Pandit,Jai Prakash Janata Dal,0,8th Pass,41,"Rs 92,40,000",Rs 0,0,,
SIWAN,Parmanand God,Swatantra Samaj Party,0,12th Pass,44,"Rs 3,15,000",Rs 0,0,,
SIWAN,Parmeshwar Manjhi,Bahujan Mukti Party,0,Graduate,41,"Rs 7,13,458","Rs 60,000",0,,
SIWAN,Ram Vinay Ray,Bharatiya Ekta Dal,0,Literate,28,"Rs 1,85,000",Rs 0,0,,
SIWAN,Ranjan Kumar,Bharat Vikas Morcha,0,Graduate,36,"Rs 9,33,578",Rs 0,0,,
SIWAN,Satya Prakash Pandey,AAP,0,Graduate Professional,43,"Rs 1,22,31,703","Rs 74,07,841",0,,
SUPAUL,Ranjeet Ranjan   Winner,INC,5,12th Pass,41,"Rs 8,12,42,965",Rs 0,1,,
SUPAUL,Aman Kumar Samajsevi,BSP,0,12th Pass,33,"Rs 57,28,000",Rs 0,0,,
SUPAUL,Binod Kumar Sahu,IND,0,Graduate,45,"Rs 15,35,000","Rs 50,000",0,,
SUPAUL,Devnarayan Yadav,Bahujan Mukti Party,0,Post Graduate,66,"Rs 95,00,500","Rs 2,50,000",0,,
SUPAUL,Dileshwar Kamait,JD(U),0,Post Graduate,68,"Rs 1,79,30,142",Rs 0,0,,
SUPAUL,Jay Narayan Yadav,CPI(ML)L,2,Graduate,49,"Rs 47,48,598","Rs 45,000",0,,
SUPAUL,Kameshwar Chaupal,BJP,1,Post Graduate,58,"Rs 4,13,72,252","Rs 12,909",0,,
SUPAUL,Mohammad Amanullah,IUML,0,Graduate,32,"Rs 1,000",Rs 0,0,,
SUPAUL,Parmeshwar Jha,AAP,0,Graduate,62,"Rs 1,15,16,000",Rs 0,0,,
SUPAUL,Ramdev Sharma,IND,0,12th Pass,55,"Rs 2,50,000",Rs 0,0,,
SUPAUL,Shakaldev Mandal,Samajwadi Janata Party (Rashtriya),1,Graduate Professional,70,"Rs 8,28,54,500",Rs 0,0,,
SUPAUL,Suresh Kumar Ajad,Jai Hind Party,0,Post Graduate,46,"Rs 10,51,233","Rs 30,000",0,,
UJIARPUR,Nityanand Rai   Winner,BJP,1,Graduate,48,"Rs 14,67,43,540","Rs 39,65,423",1,Rai,
UJIARPUR,Alok Kumar Mehta,RJD,4,Graduate Professional,45,"Rs 5,16,15,071","Rs 36,61,335",0,,
UJIARPUR,Amrendra Kumar Yadav,Rashtriya Krantikari Samajwadi Party,2,Post Graduate,41,"Rs 7,96,700","Rs 12,500",0,,
UJIARPUR,Arjun Kumar Sah,IND,0,8th Pass,29,"Rs 17,60,800",Rs 0,0,,
UJIARPUR,Ashwamedh Devi,JD(U),0,5th Pass,51,"Rs 89,16,714","Rs 34,30,311",0,,
UJIARPUR,Bindeshwari Sahani,Proutist Sarva Samaj,0,10th Pass,63,"Rs 44,20,630","Rs 84,000",0,,
UJIARPUR,Dharmendra Sahani,BSP,1,12th Pass,34,"Rs 33,000",Rs 0,0,,
UJIARPUR,Jitendra Kumar Rai,SHS,0,12th Pass,37,"Rs 18,45,000",Rs 0,0,,
UJIARPUR,Kishor Kumar,Rashtriya Lok Samta Party,0,12th Pass,36,"Rs 1,61,97,016","Rs 50,000",0,,
UJIARPUR,Madhuri,Bahujan Mukti Party,0,Graduate Professional,33,"Rs 37,91,100",Rs 0,0,,
UJIARPUR,Md. Tahir Arman,Naya Daur Party,0,Graduate,27,"Rs 14,000",Rs 0,0,,
UJIARPUR,Mintu Paswan,IND,0,Graduate,31,"Rs 24,000",Rs 0,0,,
UJIARPUR,Mithilesh Kumar Jha,JMM,0,12th Pass,51,"Rs 13,50,000","Rs 95,000",0,,
UJIARPUR,Phool Babu Singh,CPI(ML)L,2,Post Graduate,37,"Rs 20,73,785","Rs 25,000",0,,
UJIARPUR,Prem Lata Devi,Jai Prakash Janata Dal,0,Literate,42,"Rs 1,97,950","Rs 36,000",0,,
UJIARPUR,Prithwinath Prasad,Mahamukti Dal,0,Graduate,46,"Rs 1,53,271",Rs 0,0,,
UJIARPUR,Ram Deo Verma,CPI(M),3,Graduate,67,"Rs 41,79,608","Rs 5,97,864",0,,
UJIARPUR,Shivani Umani,Janta Dal Rashtravadi,0,10th Pass,42,"Rs 4,10,500",Rs 0,0,,
UJIARPUR,Suresh Choudhary,AAP,0,Post Graduate,71,"Rs 1,00,27,072",Rs 0,0,,
VAISHALI,Rama Kishore Singh   Winner,LJP,4,Graduate,51,"Rs 2,16,10,218","Rs 33,23,006",1,Singh,
VAISHALI,Anu Shukla,IND,1,12th Pass,38,"Rs 11,56,49,612","Rs 18,78,947",0,,
VAISHALI,Balendra Singh,IND,0,12th Pass,66,"Rs 3,00,70,000","Rs 5,08,000",0,,
VAISHALI,Dr. Mohammad Nabi Hassan,IND,1,Literate,30,"Rs 1,59,986",Rs 0,0,,
VAISHALI,Indradeo Roy,SUCI(C),2,Post Graduate,51,"Rs 3,56,214","Rs 1,03,580",0,,
VAISHALI,Jay Narayan Sah,Bajjikanchal Vikas Party,0,Post Graduate,59,"Rs 6,32,255",Rs 0,0,,
VAISHALI,Jitendra Prasad,IND,0,10th Pass,40,"Rs 2,51,000",Rs 0,0,,
VAISHALI,Lalji Kumar Rakesh,IND,0,Post Graduate,41,"Rs 13,67,000",Rs 0,0,,
VAISHALI,Md. Naushad,VANCHITSAMAJ INSAAF PARTY,0,8th Pass,25,"Rs 2,35,200",Rs 0,0,,
VAISHALI,Mohammad Umar Anshari,IND,0,Graduate,58,"Rs 29,31,380",Rs 0,0,,
VAISHALI,Mukesh Ram,Rashtriya Krantikari Samajwadi Party,0,Graduate,29,"Rs 46,000",Rs 0,0,,
VAISHALI,Parmeshwar Ram,Bahujan Mukti Party,1,Graduate Professional,64,"Rs 1,77,27,192","Rs 5,00,000",0,,
VAISHALI,Raaj Mangal Prasad,AAP,0,Post Graduate,54,"Rs 1,94,34,996","Rs 21,72,103",0,,
VAISHALI,Raghuvansh Prasad Singh,RJD,2,Doctorate,67,"Rs 1,80,95,679","Rs 33,346",0,,
VAISHALI,Ram Pukar Rai,IND,0,10th Pass,42,"Rs 1,20,14,000","Rs 7,23,000",0,,
VAISHALI,Rameshwar Sah,IND,0,Post Graduate,38,"Rs 15,37,465",Rs 0,0,,
VAISHALI,Ranjeet Kumar Jha,IND,1,12th Pass,28,"Rs 1,79,60,000","Rs 22,00,000",0,,
VAISHALI,Sandhya Devi,IND,0,Literate,43,"Rs 42,42,000","Rs 30,000",0,,
VAISHALI,Shankar Mahato,BSP,4,12th Pass,42,"Rs 36,82,067","Rs 14,766",0,,
VAISHALI,Vijay Kumar Sahni,JD(U),2,12th Pass,63,"Rs 1,19,29,261","Rs 58,282",0,,
VAISHALI,Vinod Pandit,Lokpriya Samaj Party,1,12th Pass,34,"Rs 5,30,000",Rs 0,0,,
VALMIKI NAGAR,Satish Dubey   Winner,BJP,3,10th Pass,39,"Rs 60,61,576","Rs 6,26,789",1,Dubey,
VALMIKI NAGAR,Amar Sahani,Bharatiya Ekta Dal,0,Literate,38,"Rs 25,66,000",Rs 0,0,,
VALMIKI NAGAR,Baidhnath Prasad Mahto,JD(U),2,10th Pass,57,"Rs 1,47,21,287","Rs 37,15,011",0,,
VALMIKI NAGAR,Dharmesh Prasad Verma,AAP,0,12th Pass,68,"Rs 2,33,94,000","Rs 1,50,000",0,,
VALMIKI NAGAR,Dilip Varma,IND,3,Graduate,60,"Rs 10,99,90,624","Rs 1,50,08,466",0,,
VALMIKI NAGAR,Doctor Mahato,Janvadi Party(Socialist),0,8th Pass,44,"Rs 71,71,000","Rs 12,50,000",0,,
VALMIKI NAGAR,Dravyan Uraon,IND,0,Graduate,26,"Rs 1,30,263",Rs 0,0,,
VALMIKI NAGAR,Manohar Manoj,IND,0,Post Graduate,45,"Rs 1,02,80,000",Rs 0,0,,
VALMIKI NAGAR,Nandlal Ram,IND,0,Literate,49,"Rs 2,93,000",Rs 0,0,,
VALMIKI NAGAR,Om Shanti Baba,IND,0,Literate,50,"Rs 19,02,15,000",Rs 0,0,,
VALMIKI NAGAR,Prof. Amaresh Prasad,JMM,1,Doctorate,62,"Rs 47,51,000",Rs 0,0,,
VALMIKI NAGAR,Purnmasi Ram,INC,0,12th Pass,57,"Rs 5,47,64,527","Rs 1,43,10,110",0,,
VALMIKI NAGAR,Shailesh Kumar Diwakar,BSP,0,Post Graduate,34,"Rs 98,60,000","Rs 6,00,000",0,,
VALMIKI NAGAR,Virendra Prasad Gupta,CPI(ML)L,4,12th Pass,45,"Rs 52,22,490","Rs 22,550",0,,
DARBHANGA,Kirti Azad  Winner,BJP,4,Graduate,55,"Rs 2,85,31,267","Rs 4,31,860",1,,
DARBHANGA,Brahmadeo Prasad Karyee,Bajjikanchal Vikas Party,0,Doctorate,61,"Rs 43,28,327","Rs 9,19,512",0,,
DARBHANGA,Colonel Lakshmeshwar Mishra,CPI(ML)L,0,Graduate Professional,55,"Rs 1,54,06,445","Rs 20,79,445",0,,
DARBHANGA,"Durganand Mahavir Nayak,",BSP,2,Post Graduate,42,"Rs 6,35,62,000","Rs 3,04,995",0,,
DARBHANGA,"Faizal Ahmad,",Janta Dal Rashtravadi,0,Graduate,28,"Rs 60,000",Rs 0,0,,
DARBHANGA,Hriday Narayun Yadav,CPI(M),2,8th Pass,72,"Rs 73,63,000","Rs 51,576",0,,
DARBHANGA,Jainath,Bahujan Mukti Party,0,10th Pass,33,"Rs 32,95,482",Rs 0,0,,
DARBHANGA,Kedar Kumar Keshav,SHS,0,Post Graduate,46,"Rs 83,66,241",Rs 0,0,,
DARBHANGA,Krishna Kumar Paswan,IND,0,Graduate,29,"Rs 22,000",Rs 0,0,,
DARBHANGA,Md. Ali Ashraf Fatmi,RJD,0,Post Graduate,60,"Rs 1,60,36,505",Rs 0,0,,
DARBHANGA,Prabhat Ranjan Das,AAP,0,Doctorate,56,"Rs 36,46,42,463",Rs 0,0,,
DARBHANGA,Pradeep Paswan,IND,1,12th Pass,38,"Rs 3,92,707",Rs 0,0,,
DARBHANGA,Praveen Kumar Jha,IND,0,Post Graduate,41,"Rs 1,15,58,930",Rs 0,0,,
DARBHANGA,"Sadre Alam Khan,",Akhil Bhartiya Mithila Party,0,10th Pass,65,"Rs 17,26,698",Rs 0,0,,
DARBHANGA,Sanjay Kumar Jha,JD(U),0,Post Graduate,46,"Rs 18,13,83,957",Rs 0,0,,